{"fpr-bio": [0.0, 0.0, 0.0, 0.0, 0.0, 0.0, 0.0, 0.0, 0.0, 0.0, 0.0, 0.0, 0.0, 0.0, 0.0, 0.0, 0.0, 0.0, 0.0, 0.0, 0.0024855012427506215, 0.0024855012427506215, 0.004142502071251036, 0.006628003314001657, 0.009942004971002486, 0.021541010770505385, 0.04722452361226181, 0.09444904722452362, 0.16072908036454017, 0.2427506213753107, 0.3595691797845899, 0.49627174813587405, 0.6396023198011599, 0.7837613918806959, 0.8773819386909694, 0.9428334714167357, 0.9734879867439934, 0.9900579950289975, 0.9983429991714996, 1.0], "fpr-std": [0.0, 0.0, 0.0, 0.0, 0.0, 0.0, 0.0008285004142502071, 0.0008285004142502071, 0.0008285004142502071, 0.0008285004142502071, 0.0008285004142502071, 0.0008285004142502071, 0.0016570008285004142, 0.0016570008285004142, 0.004142502071251036, 0.004142502071251036, 0.006628003314001657, 0.009942004971002486, 0.014084507042253521, 0.028169014084507043, 0.05219552609776305, 0.10853355426677713, 0.19635459817729908, 0.34217067108533555, 0.5335542667771334, 0.7323943661971831, 0.8873239436619719, 0.9676884838442419, 0.9942004971002486, 1.0], "fpr-double": [0.0, 0.0, 0.0, 0.0, 0.0, 0.0, 0.0, 0.0, 0.0, 0.0, 0.0, 0.0016570008285004142, 0.0024855012427506215, 0.0033140016570008283, 0.004971002485501243, 0.008285004142502071, 0.015741507870753936, 0.027340513670256836, 0.06213753106876554, 0.1300745650372825, 0.24109362054681027, 0.4217067108533554, 0.6288318144159072, 0.7854183927091963, 0.8931234465617233, 0.9618889809444905, 0.9908864954432477, 0.9983429991714996, 1.0], "tpr-bio": [0.0, 0.002066115702479339, 0.006198347107438017, 0.009297520661157025, 0.010330578512396695, 0.012396694214876033, 0.01962809917355372, 0.024793388429752067, 0.027892561983471075, 0.03615702479338843, 0.0371900826446281, 0.042355371900826444, 0.05268595041322314, 0.05475206611570248, 0.05785123966942149, 0.06508264462809918, 0.07128099173553719, 0.08057851239669421, 0.1012396694214876, 0.11053719008264463, 0.12913223140495866, 0.1446280991735537, 0.17458677685950413, 0.19318181818181818, 0.22933884297520662, 0.2644628099173554, 0.34917355371900827, 0.43388429752066116, 0.5423553719008265, 0.6477272727272727, 0.737603305785124, 0.8295454545454546, 0.893595041322314, 0.9380165289256198, 0.9772727272727273, 0.987603305785124, 0.9958677685950413, 0.9989669421487604, 1.0, 1.0], "tpr-std": [0.0, 0.0010330578512396695, 0.009297520661157025, 0.011363636363636364, 0.01859504132231405, 0.040289256198347105, 0.05371900826446281, 0.06301652892561983, 0.06714876033057851, 0.07334710743801653, 0.08367768595041322, 0.09917355371900827, 0.11570247933884298, 0.11776859504132231, 0.13119834710743802, 0.14979338842975207, 0.17665289256198347, 0.20041322314049587, 0.23140495867768596, 0.2830578512396694, 0.36673553719008267, 0.4896694214876033, 0.618801652892562, 0.7592975206611571, 0.8615702479338843, 0.9318181818181818, 0.9803719008264463, 0.993801652892562, 0.9989669421487604, 1.0], "tpr-double": [0.0, 0.0010330578512396695, 0.0030991735537190084, 0.007231404958677686, 0.014462809917355372, 0.01859504132231405, 0.025826446280991736, 0.027892561983471075, 0.0371900826446281, 0.05165289256198347, 0.07334710743801653, 0.09504132231404959, 0.11776859504132231, 0.1446280991735537, 0.1683884297520661, 0.19008264462809918, 0.24380165289256198, 0.3047520661157025, 0.40702479338842973, 0.5320247933884298, 0.6663223140495868, 0.8026859504132231, 0.90599173553719, 0.9514462809917356, 0.9793388429752066, 0.9927685950413223, 0.9989669421487604, 1.0, 1.0]}