{"fpr-bio": [0.0, 0.00267379679144385, 0.002702702702702703, 0.002785515320334262, 0.0028735632183908046, 0.00303951367781155, 0.0053475935828877, 0.005571030640668524, 0.008021390374331552, 0.008108108108108109, 0.008356545961002786, 0.00911854103343465, 0.011494252873563218, 0.013368983957219251, 0.013927576601671309, 0.014367816091954023, 0.016042780748663103, 0.01871657754010695, 0.0243161094224924, 0.02702702702702703, 0.03208556149732621, 0.032432432432432434, 0.033426183844011144, 0.03343465045592705, 0.03513513513513514, 0.03783783783783784, 0.03899721448467967, 0.0425531914893617, 0.04456824512534819, 0.045454545454545456, 0.04735376044568245, 0.0481283422459893, 0.0486322188449848, 0.05013927576601671, 0.0547112462006079, 0.060790273556231005, 0.06486486486486487, 0.06990881458966565, 0.07520891364902507, 0.07598784194528875, 0.0911854103343465, 0.10030395136778116, 0.10270270270270271, 0.10638297872340426, 0.11246200607902736, 0.11854103343465046, 0.12032085561497326, 0.12566844919786097, 0.13101604278074866, 0.13636363636363635, 0.13677811550151975, 0.1392757660167131, 0.14285714285714285, 0.16109422492401215, 0.16717325227963525, 0.16991643454038996, 0.17548746518105848, 0.182370820668693, 0.3449197860962567, 0.3502673796791444, 0.35561497326203206, 0.37047353760445684, 0.37604456824512533, 0.46518105849582175, 0.4786096256684492, 0.5057471264367817, 0.5114942528735632, 0.5213903743315508, 0.5267379679144385, 0.5574712643678161, 0.5632183908045977, 0.5890804597701149, 0.5948275862068966, 0.75, 0.7557471264367817, 0.8074712643678161, 0.8132183908045977, 0.9148936170212766, 0.9252873563218391, 0.9358288770053476, 0.9442896935933147, 0.9513513513513514, 1.0], "fpr-std": [0.0, 0.00267379679144385, 0.002702702702702703, 0.002785515320334262, 0.0028735632183908046, 0.00303951367781155, 0.005571030640668524, 0.005747126436781609, 0.0060790273556231, 0.008356545961002786, 0.008620689655172414, 0.00911854103343465, 0.0106951871657754, 0.010810810810810811, 0.0121580547112462, 0.013513513513513514, 0.016216216216216217, 0.0182370820668693, 0.01871657754010695, 0.02127659574468085, 0.021621621621621623, 0.022284122562674095, 0.02406417112299465, 0.026737967914438502, 0.02735562310030395, 0.02972972972972973, 0.03208556149732621, 0.032432432432432434, 0.034759358288770054, 0.0374331550802139, 0.03783783783783784, 0.03899721448467967, 0.04178272980501393, 0.04456824512534819, 0.05080213903743316, 0.05167173252279635, 0.0547112462006079, 0.06685236768802229, 0.0668693009118541, 0.06990881458966565, 0.07219251336898395, 0.07837837837837838, 0.0851063829787234, 0.08823529411764706, 0.0911854103343465, 0.09358288770053476, 0.0972644376899696, 0.11497326203208556, 0.12462006079027356, 0.13069908814589665, 0.1443850267379679, 0.1497326203208556, 0.15135135135135136, 0.16042780748663102, 0.1641337386018237, 0.1657754010695187, 0.1945945945945946, 0.19756838905775076, 0.20972644376899696, 0.21580547112462006, 0.23100303951367782, 0.23708206686930092, 0.2647058823529412, 0.2700534759358289, 0.27540106951871657, 0.3983286908077994, 0.403899721448468, 0.4178272980501393, 0.4233983286908078, 0.5097493036211699, 0.5153203342618384, 0.5344827586206896, 0.5402298850574713, 0.5603448275862069, 0.5660919540229885, 0.5948275862068966, 0.6005747126436781, 0.6852367688022284, 0.6908077994428969, 0.8017241379310345, 0.8074712643678161, 0.9726443768996961, 0.9770114942528736, 0.9786096256684492, 0.9832869080779945, 0.9864864864864865, 1.0], "fpr-double": [0.0, 0.00267379679144385, 0.002702702702702703, 0.002785515320334262, 0.0028735632183908046, 0.00303951367781155, 0.0053475935828877, 0.005405405405405406, 0.005571030640668524, 0.005747126436781609, 0.0060790273556231, 0.008021390374331552, 0.008108108108108109, 0.008356545961002786, 0.00911854103343465, 0.0106951871657754, 0.011142061281337047, 0.0121580547112462, 0.013368983957219251, 0.013927576601671309, 0.016713091922005572, 0.02127659574468085, 0.0243161094224924, 0.024324324324324326, 0.02735562310030395, 0.029411764705882353, 0.02972972972972973, 0.032432432432432434, 0.033426183844011144, 0.03343465045592705, 0.0364741641337386, 0.03899721448467967, 0.04456824512534819, 0.04597701149425287, 0.04864864864864865, 0.05080213903743316, 0.05614973262032086, 0.06149732620320856, 0.06684491978609626, 0.06963788300835655, 0.06990881458966565, 0.07242339832869081, 0.07799442896935933, 0.0855614973262032, 0.08908045977011494, 0.0911854103343465, 0.0972644376899696, 0.10030395136778116, 0.10270270270270271, 0.1033434650455927, 0.10962566844919786, 0.12299465240641712, 0.12834224598930483, 0.14285714285714285, 0.16310160427807488, 0.17297297297297298, 0.2188449848024316, 0.26737967914438504, 0.2727272727272727, 0.27540106951871657, 0.2807486631016043, 0.28969359331476324, 0.2914438502673797, 0.2917933130699088, 0.29526462395543174, 0.2978723404255319, 0.331306990881459, 0.3373860182370821, 0.39080459770114945, 0.39209726443769, 0.39655172413793105, 0.3981762917933131, 0.4827586206896552, 0.4885057471264368, 0.5632183908045977, 0.5654596100278552, 0.5689655172413793, 0.5710306406685237, 0.713091922005571, 0.7186629526462396, 0.7632311977715878, 0.7688022284122563, 0.7873563218390804, 0.7931034482758621, 0.9148936170212766, 0.9252873563218391, 0.9358288770053476, 0.9442896935933147, 0.9513513513513514, 1.0], "tpr-bio": [0.7582582402208453, 0.8174131697983101, 0.8227465031316434, 0.8343744101083879, 0.8549929668094187, 0.8618895185335566, 0.8787909269842608, 0.8880932525656562, 0.8880932525656562, 0.8907599192323229, 0.8930855006276717, 0.9017061902828442, 0.9037680459529472, 0.9037680459529472, 0.9037680459529472, 0.9058299016230503, 0.9170975072568531, 0.9199144086653039, 0.9216385465963383, 0.924305213263005, 0.9271221146714556, 0.9297887813381223, 0.9321143627334711, 0.93556263859554, 0.9408959719288734, 0.9462293052622067, 0.9462293052622067, 0.9479534431932413, 0.9479534431932413, 0.9535872460101427, 0.9559128274054915, 0.961546630222393, 0.9632707681534274, 0.9655963495487763, 0.9673204874798106, 0.9673204874798106, 0.9699871541464773, 0.9699871541464773, 0.9723127355418262, 0.9774851493349297, 0.9792092872659641, 0.9792092872659641, 0.9845426205992975, 0.9845426205992975, 0.9862667585303321, 0.9879908964613664, 0.9879908964613664, 0.9879908964613664, 0.9879908964613664, 0.9879908964613664, 0.9879908964613664, 0.9903164778567153, 0.9903164778567153, 0.9903164778567153, 0.9903164778567153, 0.9903164778567153, 0.9903164778567153, 0.9920406157877497, 0.9948575171962005, 0.9948575171962005, 0.9948575171962005, 0.9948575171962005, 0.9948575171962005, 0.9971830985915492, 1.0, 1.0, 1.0, 1.0, 1.0, 1.0, 1.0, 1.0, 1.0, 1.0, 1.0, 1.0, 1.0, 1.0, 1.0, 1.0, 1.0, 1.0, 1.0],