{"fpr-bio": [0.0, 0.00267379679144385, 0.002702702702702703, 0.0053475935828877, 0.005405405405405406, 0.00911854103343465, 0.0106951871657754, 0.0121580547112462, 0.013368983957219251, 0.015197568389057751, 0.016042780748663103, 0.02127659574468085, 0.0213903743315508, 0.025069637883008356, 0.0486322188449848, 0.06684491978609626, 0.06990881458966565, 0.07219251336898395, 0.08206686930091185, 0.08814589665653495, 0.10584958217270195, 0.11142061281337047, 0.23404255319148937, 0.24012158054711247, 0.24512534818941503, 0.25069637883008355, 0.4224137931034483, 0.4281609195402299, 0.4596100278551532, 0.46518105849582175, 0.4786096256684492, 0.4839572192513369, 0.48563218390804597, 0.49137931034482757, 0.5026737967914439, 0.5080213903743316, 0.5294117647058824, 0.5347593582887701, 0.5562310030395137, 0.5623100303951368, 0.6149732620320856, 0.6203208556149733, 0.6796657381615598, 0.6852367688022284, 0.6899696048632219, 0.6960486322188449, 0.7021276595744681, 0.7082066869300911, 0.7097701149425287, 0.7212643678160919, 0.8969359331476323, 0.9025069637883009, 0.9051724137931034, 0.9109195402298851, 1.0], "fpr-std": [0.0, 0.00267379679144385, 0.002785515320334262, 0.00303951367781155, 0.0053475935828877, 0.005405405405405406, 0.0060790273556231, 0.008021390374331552, 0.008108108108108109, 0.008356545961002786, 0.0121580547112462, 0.013368983957219251, 0.015197568389057751, 0.0182370820668693, 0.01871657754010695, 0.02127659574468085, 0.0243161094224924, 0.025069637883008356, 0.026737967914438502, 0.03064066852367688, 0.0364741641337386, 0.040106951871657755, 0.04054054054054054, 0.10270270270270271, 0.1641337386018237, 0.1702127659574468, 0.20855614973262032, 0.21390374331550802, 0.3155080213903743, 0.32085561497326204, 0.34195402298850575, 0.34770114942528735, 0.41641337386018235, 0.42249240121580545, 0.6042780748663101, 0.6096256684491979, 0.6211699164345403, 0.6267409470752089, 0.6580459770114943, 0.6637931034482759, 0.6778115501519757, 0.6838905775075987, 0.7352941176470589, 0.7406417112299465, 0.7844827586206896, 0.7902298850574713, 0.7910863509749304, 0.7966573816155988, 0.8467966573816156, 0.8523676880222841, 0.8632218844984803, 0.8693009118541033, 0.9396551724137931, 0.9454022988505747, 1.0], "fpr-double": [0.0, 0.00267379679144385, 0.002702702702702703, 0.005405405405405406, 0.0060790273556231, 0.008021390374331552, 0.008108108108108109, 0.0106951871657754, 0.010810810810810811, 0.0121580547112462, 0.013927576601671309, 0.015197568389057751, 0.016042780748663103, 0.0182370820668693, 0.02127659574468085, 0.0213903743315508, 0.02735562310030395, 0.0364741641337386, 0.0486322188449848, 0.052924791086350974, 0.0584958217270195, 0.13368983957219252, 0.13903743315508021, 0.24620060790273557, 0.25227963525835867, 0.3663101604278075, 0.3716577540106952, 0.37604456824512533, 0.3793103448275862, 0.3816155988857939, 0.3850574712643678, 0.40947075208913647, 0.415041782729805, 0.45989304812834225, 0.46524064171123, 0.5287356321839081, 0.5344827586206896, 0.5683890577507599, 0.56951871657754, 0.574468085106383, 0.5748663101604278, 0.5909090909090909, 0.5962566844919787, 0.6462395543175488, 0.6518105849582173, 0.668693009118541, 0.6747720364741642, 0.6768802228412256, 0.6824512534818942, 0.6896551724137931, 0.6954022988505747, 0.7446808510638298, 0.7507598784194529, 0.7614942528735632, 0.7672413793103449, 0.8160919540229885, 0.8218390804597702, 1.0], "tpr-bio": [0.8734283444586255, 0.9044142599515833, 0.9390809266182499, 0.9447147294351514, 0.9607147294351513, 0.9624388673661859, 0.9652557687746366, 0.97042818256774, 0.9816957882015428, 0.9851440640636119, 0.9879609654720625, 0.9914092413341316, 0.9942261427425823, 0.9965517241379309, 0.9982758620689655, 0.9982758620689655, 1.0, 1.0, 1.0, 1.0, 1.0, 1.0, 1.0, 1.0, 1.0, 1.0, 1.0, 1.0, 1.0, 1.0, 1.0, 1.0, 1.0, 1.0, 1.0, 1.0, 1.0, 1.0, 1.0, 1.0, 1.0, 1.0, 1.0, 1.0, 1.0, 1.0, 1.0, 1.0, 1.0, 1.0, 1.0, 1.0, 1.0, 1.0, 1.0], "tpr-std": [0.915775400868187, 0.9185923022766376, 0.9232434650673353, 0.9353124305845768, 0.9381293319930274, 0.9434626653263607, 0.9538074929125676, 0.9566243943210182, 0.9592910609876849, 0.9616166423830338, 0.9650649182451028, 0.9706987210620042, 0.9758711348551076, 0.9793194107171767, 0.9821363121256275, 0.9838604500566618, 0.9873087259187308, 0.9873087259187308, 0.9901256273271816, 0.9901256273271816, 0.9918497652582159, 0.9946666666666667, 0.9973333333333333, 1.0, 1.0, 1.0, 1.0, 1.0, 1.0, 1.0, 1.0, 1.0, 1.0, 1.0, 1.0, 1.0, 1.0, 1.0, 1.0, 1.0, 1.0, 1.0, 1.0, 1.0, 1.0, 1.0, 1.0, 1.0, 1.0, 1.0, 1.0, 1.0, 1.0, 1.0, 1.0], "tpr-double": [0.9186901220205488, 0.9243239248374502, 0.9456572581707835, 0.950990591504117, 0.9561630052972203, 0.9646137095225725, 0.9672803761892391, 0.9729141790061405, 0.9782475123394739, 0.9799716502705085, 0.9822972316658571, 0.9840213695968917, 0.9868382710053425, 0.9885624089363769, 0.9902865468674115, 0.993103448275862, 0.9965517241379309, 0.9982758620689655, 1.0, 1.0, 1.0, 1.0, 1.0, 1.0, 1.0, 1.0, 1.0, 1.0, 1.0, 1.0, 1.0, 1.0, 1.0, 1.0, 1.0, 1.0, 1.0, 1.0, 1.0, 1.0, 1.0, 1.0, 1.0, 1.0, 1.0, 1.0, 1.0, 1.0, 1.0, 1.0, 1.0, 1.0, 1.0, 1.0, 1.0, 1.0, 1.0, 1.0]}