{"fpr-bio": [0.0, 1.0], "fpr-std": [0.0, 0.0010050251256281408, 0.01306532663316583, 0.01306532663316583, 0.021105527638190954, 0.021105527638190954, 0.02512562814070352, 0.02512562814070352, 0.03015075376884422, 0.03015075376884422, 0.034170854271356785, 0.034170854271356785, 0.04120603015075377, 0.04120603015075377, 0.044221105527638194, 0.044221105527638194, 0.04824120603015075, 0.04824120603015075, 0.04924623115577889, 0.04924623115577889, 0.05025125628140704, 0.05025125628140704, 0.05829145728643216, 0.05829145728643216, 0.06030150753768844, 0.06030150753768844, 0.061306532663316586, 0.061306532663316586, 0.06331658291457286, 0.06331658291457286, 0.06432160804020101, 0.06432160804020101, 0.06532663316582915, 0.06532663316582915, 0.06633165829145729, 0.06633165829145729, 0.06834170854271357, 0.06834170854271357, 0.06934673366834171, 0.06934673366834171, 0.07236180904522613, 0.07236180904522613, 0.0743718592964824, 0.0743718592964824, 0.07839195979899498, 0.07839195979899498, 0.08040201005025126, 0.08040201005025126, 0.08341708542713568, 0.08341708542713568, 0.08542713567839195, 0.08542713567839195, 0.08743718592964825, 0.08743718592964825, 0.0964824120603015, 0.0964824120603015, 0.10050251256281408, 0.10050251256281408, 0.1035175879396985, 0.1035175879396985, 0.10452261306532663, 0.10452261306532663, 0.10753768844221105, 0.10753768844221105, 0.11256281407035176, 0.11256281407035176, 0.11557788944723618, 0.11557788944723618, 0.12060301507537688, 0.12060301507537688, 0.12160804020100502, 0.12160804020100502, 0.12562814070351758, 0.12562814070351758, 0.12964824120603016, 0.12964824120603016, 0.1306532663316583, 0.1306532663316583, 0.13165829145728644, 0.13165829145728644, 0.13467336683417086, 0.13467336683417086, 0.13668341708542714, 0.13668341708542714, 0.13768844221105528, 0.13768844221105528, 0.1407035175879397, 0.1407035175879397, 0.14170854271356784, 0.14170854271356784, 0.1457286432160804, 0.1457286432160804, 0.14773869346733667, 0.14773869346733667, 0.14974874371859295, 0.14974874371859295, 0.15175879396984926, 0.15175879396984926, 0.1527638190954774, 0.1527638190954774, 0.1577889447236181, 0.1577889447236181, 0.15879396984924624, 0.15879396984924624, 0.16080402010050251, 0.16080402010050251, 0.16482412060301507, 0.16482412060301507, 0.1658291457286432, 0.1658291457286432, 0.16683417085427135, 0.16683417085427135, 0.16884422110552763, 0.16884422110552763, 0.1728643216080402, 0.1728643216080402, 0.17386934673366833, 0.17386934673366833, 0.17587939698492464, 0.17587939698492464, 0.17688442211055277, 0.17688442211055277, 0.17889447236180905, 0.17889447236180905, 0.1798994974874372, 0.1798994974874372, 0.1829145728643216, 0.1829145728643216, 0.1899497487437186, 0.1899497487437186, 0.19396984924623115, 0.19396984924623115, 0.19497487437185929, 0.19497487437185929, 0.19798994974874373, 0.19798994974874373, 0.2, 0.2, 0.2020100502512563, 0.2020100502512563, 0.20402010050251257, 0.20402010050251257, 0.207035175879397, 0.207035175879397, 0.20804020100502513, 0.20804020100502513, 0.2100502512562814, 0.2100502512562814, 0.21105527638190955, 0.21105527638190955, 0.21306532663316582, 0.21306532663316582, 0.21407035175879396, 0.21407035175879396, 0.21708542713567838, 0.21708542713567838, 0.21909547738693466, 0.21909547738693466, 0.2201005025125628, 0.2201005025125628, 0.22311557788944725, 0.22311557788944725, 0.23015075376884422, 0.23015075376884422, 0.2321608040201005, 0.2321608040201005, 0.23517587939698492, 0.23517587939698492, 0.2371859296482412, 0.2371859296482412, 0.2422110552763819, 0.2422110552763819, 0.24824120603015076, 0.24824120603015076, 0.25125628140703515, 0.25125628140703515, 0.25326633165829143, 0.25326633165829143, 0.2542713567839196, 0.2542713567839196, 0.2552763819095477, 0.2552763819095477, 0.2562814070351759, 0.2562814070351759, 0.25728643216080405, 0.25728643216080405, 0.2623115577889447, 0.2623115577889447, 0.264321608040201, 0.264321608040201, 0.2663316582914573, 0.2663316582914573, 0.26733668341708544, 0.26733668341708544, 0.26834170854271355, 0.26834170854271355, 0.27035175879396983, 0.27035175879396983, 0.2733668341708543, 0.2733668341708543, 0.27537688442211056, 0.27537688442211056, 0.2804020100502513, 0.2804020100502513, 0.28442211055276384, 0.28442211055276384, 0.2864321608040201, 0.2864321608040201, 0.28743718592964823, 0.28743718592964823, 0.2884422110552764, 0.2884422110552764, 0.2894472361809045, 0.2894472361809045, 0.29246231155778896, 0.29246231155778896, 0.29346733668341707, 0.29346733668341707, 0.29547738693467335, 0.29547738693467335, 0.3065326633165829, 0.3065326633165829, 0.3075376884422111, 0.3075376884422111, 0.31055276381909547, 0.31055276381909547, 0.31155778894472363, 0.31155778894472363, 0.3135678391959799, 0.3135678391959799, 0.3155778894472362, 0.3155778894472362, 0.3165829145728643, 1.0], "fpr-double": [0.0, 1.0], "tpr-bio": [0.0, 1.0],