{"fpr-bio": [0.0, 0.002702702702702703, 0.002785515320334262, 0.0028735632183908046, 0.00303951367781155, 0.0053475935828877, 0.005571030640668524, 0.0060790273556231, 0.008356545961002786, 0.0106951871657754, 0.0121580547112462, 0.013368983957219251, 0.015197568389057751, 0.0182370820668693, 0.01871657754010695, 0.01891891891891892, 0.022284122562674095, 0.02406417112299465, 0.026737967914438502, 0.02702702702702703, 0.02735562310030395, 0.027855153203342618, 0.030395136778115502, 0.051351351351351354, 0.06149732620320856, 0.14942528735632185, 0.15517241379310345, 0.17270194986072424, 0.17827298050139276, 0.2647058823529412, 0.2700534759358289, 0.3343465045592705, 0.3404255319148936, 0.3617021276595745, 0.3677811550151976, 0.5097493036211699, 0.514367816091954, 0.5153203342618384, 0.5201149425287356, 0.5682451253481894, 0.5738161559888579, 0.6256684491978609, 0.6310160427807486, 0.6504559270516718, 0.6565349544072948, 0.7325227963525835, 0.7385057471264368, 0.7386018237082067, 0.7442528735632183, 0.8272980501392758, 0.8315508021390374, 0.8328690807799443, 0.8368983957219251, 0.8523676880222841, 0.8579387186629527, 0.9010695187165776, 0.9064171122994652, 0.9511494252873564, 0.9568965517241379, 0.9741379310344828, 0.9798850574712644, 1.0], "fpr-std": [0.0, 0.002702702702702703, 0.002785515320334262, 0.00303951367781155, 0.0053475935828877, 0.0060790273556231, 0.008021390374331552, 0.00911854103343465, 0.011142061281337047, 0.0121580547112462, 0.013513513513513514, 0.013927576601671309, 0.015197568389057751, 0.0182370820668693, 0.01871657754010695, 0.019498607242339833, 0.02127659574468085, 0.02406417112299465, 0.02735562310030395, 0.02972972972972973, 0.030395136778115502, 0.0364741641337386, 0.045454545454545456, 0.060790273556231005, 0.1033434650455927, 0.1094224924012158, 0.14864864864864866, 0.17379679144385027, 0.17914438502673796, 0.28342245989304815, 0.2887700534759358, 0.2972972972972973, 0.34770114942528735, 0.35344827586206895, 0.41641337386018235, 0.42249240121580545, 0.5041782729805014, 0.5097493036211699, 0.6322188449848024, 0.6382978723404256, 0.6954022988505747, 0.7011494252873564, 0.756838905775076, 0.7629179331306991, 0.83008356545961, 0.8356545961002786, 0.8384401114206128, 0.8422459893048129, 0.8440111420612814, 0.8475935828877005, 0.8983957219251337, 0.9037433155080213, 0.9310344827586207, 0.9367816091954023, 0.9568965517241379, 0.9626436781609196, 1.0], "fpr-double": [0.0, 0.002702702702702703, 0.0028735632183908046, 0.00303951367781155, 0.0053475935828877, 0.00911854103343465, 0.011142061281337047, 0.0121580547112462, 0.013927576601671309, 0.015197568389057751, 0.016042780748663103, 0.01871657754010695, 0.021621621621621623, 0.022284122562674095, 0.02406417112299465, 0.024324324324324326, 0.02735562310030395, 0.03208556149732621, 0.0374331550802139, 0.04594594594594595, 0.15041782729805014, 0.15598885793871867, 0.15804597701149425, 0.16379310344827586, 0.25133689839572193, 0.25668449197860965, 0.28342245989304815, 0.2887700534759358, 0.3130699088145897, 0.3191489361702128, 0.41641337386018235, 0.42249240121580545, 0.43454038997214484, 0.4401114206128134, 0.45592705167173253, 0.46200607902735563, 0.5258620689655172, 0.5316091954022989, 0.5626740947075209, 0.5682451253481894, 0.6149732620320856, 0.6203208556149733, 0.6796657381615598, 0.6852367688022284, 0.6954022988505747, 0.7011494252873564, 0.7872340425531915, 0.7933130699088146, 0.8706896551724138, 0.8764367816091954, 0.8774373259052924, 0.883008356545961, 0.9224598930481284, 0.9278074866310161, 0.9827586206896551, 0.9885057471264368, 1.0], "tpr-bio": [0.8968183673146998, 0.8994850339813665, 0.9041361967720641, 0.9103217637823734, 0.9206665913685803, 0.9263003941854817, 0.9286259755808306, 0.9320742514428997, 0.9343998328382485, 0.9400336356551499, 0.9469301873792878, 0.9497470887877386, 0.958367778442911, 0.9618160543049799, 0.9646329557134307, 0.9672996223800971, 0.969625203775446, 0.9752590065923474, 0.9780759080007982, 0.9887425746674647, 0.9904667125984993, 0.9927922939938482, 0.9945164319248827, 0.9971830985915492, 1.0, 1.0, 1.0, 1.0, 1.0, 1.0, 1.0, 1.0, 1.0, 1.0, 1.0, 1.0, 1.0, 1.0, 1.0, 1.0, 1.0, 1.0, 1.0, 1.0, 1.0, 1.0, 1.0, 1.0, 1.0, 1.0, 1.0, 1.0, 1.0, 1.0, 1.0, 1.0, 1.0, 1.0, 1.0, 1.0, 1.0, 1.0], "tpr-std": [0.8771327994699014, 0.8797994661365681, 0.8891017917179636, 0.9063431710283083, 0.909160072436759, 0.9419186931264141, 0.9475524959433155, 0.9510007718053846, 0.9533263532007334, 0.9602229049248713, 0.962889571591538, 0.9652151529868869, 0.9686634288489557, 0.9703875667799903, 0.9760213695968917, 0.9760213695968917, 0.9777455075279262, 0.9805624089363768, 0.9822865468674113, 0.984953213534078, 0.988401489396147, 0.9901256273271816, 0.9929425287356322, 0.9946666666666667, 0.9946666666666667, 0.9946666666666667, 0.9973333333333333, 0.9973333333333333, 0.9973333333333333, 0.9973333333333333, 0.9973333333333333, 1.0, 1.0, 1.0, 1.0, 1.0, 1.0, 1.0, 1.0, 1.0, 1.0, 1.0, 1.0, 1.0, 1.0, 1.0, 1.0, 1.0, 1.0, 1.0, 1.0, 1.0, 1.0, 1.0, 1.0, 1.0, 1.0], "tpr-double": [0.910104349795785, 0.9127710164624517, 0.9148328721325548, 0.9303501135118651, 0.933167014920316, 0.9366152907823848, 0.9389408721777336, 0.9458374239018715, 0.9481630052972203, 0.9516112811592894, 0.9600619853846414, 0.9628788867930922, 0.9655455534597588, 0.9678711348551076, 0.9706880362635584, 0.981354702930225, 0.9916995305164319, 0.9945164319248827, 0.9973333333333333, 1.0, 1.0, 1.0, 1.0, 1.0, 1.0, 1.0, 1.0, 1.0, 1.0, 1.0, 1.0, 1.0, 1.0, 1.0, 1.0, 1.0, 1.0, 1.0, 1.0, 1.0, 1.0, 1.0, 1.0, 1.0, 1.0, 1.0, 1.0, 1.0, 1.0, 1.0, 1.0, 1.0, 1.0, 1.0, 1.0, 1.0, 1.0]}